url,new_commit,new_commit_time,old_commit,old_commit_time
https://codereview.chromium.org/2487713002,https://chromium.googlesource.com/chromium/src/+/8f60271614652b6110081128604470460af5dadb,Fri Nov 11 00:09:33 2016,https://chromium.googlesource.com/chromium/src/+/Commit(Repo('https://chromium.googlesource.com/chromium/src'), '273cccbc60b358d06c332f64a8b3cc9f5ee42dd6'),Fri Nov 11 00:09:30 2016
https://codereview.chromium.org/2485013002,https://chromium.googlesource.com/chromium/src/+/93ed99a0238f25fe391874d3f6dfa02c01acb781,Tue Nov  8 15:35:54 2016,https://chromium.googlesource.com/chromium/src/+/Commit(Repo('https://chromium.googlesource.com/chromium/src'), 'b2fd274ec5b20ace720420106a13b8c90b61bed1'),Tue Nov  8 15:35:53 2016
https://codereview.chromium.org/2468333002,https://chromium.googlesource.com/chromium/src/+/67b831b414b1a10a87d36ae79d6283e4c4f60ac8,Thu Nov  3 19:38:34 2016,https://chromium.googlesource.com/chromium/src/+/Commit(Repo('https://chromium.googlesource.com/chromium/src'), '8097dff55c84516414ce944ee6bc5435807f4fbc'),Thu Nov  3 19:33:09 2016
https://codereview.chromium.org/2272773002,https://chromium.googlesource.com/chromium/src/+/3c364c812da0312a104e976ca5838507efe3488e,Tue Nov  1 19:00:00 2016,https://chromium.googlesource.com/chromium/src/+/Commit(Repo('https://chromium.googlesource.com/chromium/src'), '5d3d4c00320aadad4a044dcb0241b86fc184b114'),Tue Nov  1 13:06:22 2016
https://codereview.chromium.org/2406233004,https://chromium.googlesource.com/chromium/src/+/307e66d18de17bfc7168adefd2306aa4be96f17e,Tue Oct 11 23:06:17 2016,https://chromium.googlesource.com/chromium/src/+/Commit(Repo('https://chromium.googlesource.com/chromium/src'), '8bded616cb189101cd5d70e2a94a1ae39e10f3da'),Tue Oct 11 23:03:29 2016
https://codereview.chromium.org/2384053002,https://chromium.googlesource.com/chromium/src/+/3ba6cb3d9518e9a54f006fd6288438c211ba8998,Tue Oct 11 22:35:40 2016,https://chromium.googlesource.com/chromium/src/+/Commit(Repo('https://chromium.googlesource.com/chromium/src'), '351b1d8638edcf2ce37f6d89b0908313780e7dd6'),Tue Oct 11 22:33:21 2016
https://codereview.chromium.org/2325583002,https://chromium.googlesource.com/chromium/src/+/0f82e43808017ab95d877be86eb63fe1e4057e97,Thu Sep  8 10:36:25 2016,https://chromium.googlesource.com/chromium/src/+/Commit(Repo('https://chromium.googlesource.com/chromium/src'), 'd7586a77bd18573597cc48bbd2e0e6fb0fbc0fb9'),Thu Sep  8 10:33:44 2016
https://codereview.chromium.org/2307933003,https://chromium.googlesource.com/chromium/src/+/df9cb098cf816fb589e0ad6627012b524c78e9eb,Sat Sep  3 02:08:00 2016,https://chromium.googlesource.com/chromium/src/+/Commit(Repo('https://chromium.googlesource.com/chromium/src'), 'b429bfb95e3cf4a3947b660ee0f44d07833722d5'),Sat Sep  3 02:04:30 2016
https://codereview.chromium.org/2231203002,https://chromium.googlesource.com/chromium/src/+/67d17aee41b895d81c6e6e7d7ff33690bee9f74e,Mon Aug 15 20:37:18 2016,https://chromium.googlesource.com/chromium/src/+/Commit(Repo('https://chromium.googlesource.com/chromium/src'), 'ce37c93fb3538e1ebe6b84fcf370871c50401ebe'),Mon Aug 15 20:34:20 2016
https://codereview.chromium.org/2240263002,https://chromium.googlesource.com/chromium/src/+/35a583985d859d19cd2de1efb7a5b8bb06bcda77,Fri Aug 12 23:29:49 2016,https://chromium.googlesource.com/chromium/src/+/Commit(Repo('https://chromium.googlesource.com/chromium/src'), 'ca8c5868dbd7ea6734cb80938618ab6870d96ba3'),Fri Aug 12 21:43:48 2016
https://codereview.chromium.org/2120703003,https://chromium.googlesource.com/chromium/src/+/d073dd2ac386ae7893f03cd7659abb66f045e5fa,Thu Aug  4 04:02:08 2016,https://chromium.googlesource.com/chromium/src/+/Commit(Repo('https://chromium.googlesource.com/chromium/src'), '4a42548bd101adfc284fa6e8da6493a2d89f768a'),Wed Aug  3 23:32:36 2016
https://codereview.chromium.org/2191323003,https://chromium.googlesource.com/chromium/src/+/787f6ed6c2cf4a21e07841564fd6a573c777d3ef,Wed Aug  3 03:03:37 2016,https://chromium.googlesource.com/chromium/src/+/Commit(Repo('https://chromium.googlesource.com/chromium/src'), 'b1738e3b37e348afbc674e3041407f817a4f8575'),Tue Aug  2 23:55:36 2016
https://codereview.chromium.org/2140533003,https://chromium.googlesource.com/chromium/src/+/bfec2ff09dfb320ca7786402a804571a4baae37b,Wed Jul 13 03:51:07 2016,https://chromium.googlesource.com/chromium/src/+/Commit(Repo('https://chromium.googlesource.com/chromium/src'), 'd3814a729f29e99cbdcbd470d2520cacb5ec4e53'),Tue Jul 12 23:47:33 2016
https://codereview.chromium.org/2060753002,https://chromium.googlesource.com/chromium/src/+/4f581ae17af347201ede92b01dc47068ee0cf2d5,Wed Jun 15 10:38:04 2016,https://chromium.googlesource.com/chromium/src/+/Commit(Repo('https://chromium.googlesource.com/chromium/src'), '0dee3ec4784b2fb73d3aefaab1e00e92767ac767'),Wed Jun 15 10:35:20 2016
https://codereview.chromium.org/2026993004,https://chromium.googlesource.com/chromium/src/+/b0206d8c4aa1f5a659169111a722d183fc2e7739,Thu Jun  2 17:10:30 2016,https://chromium.googlesource.com/chromium/src/+/Commit(Repo('https://chromium.googlesource.com/chromium/src'), '19895c52589f189d6fdc563759c9872af2cbf86c'),Thu Jun  2 10:01:28 2016
https://codereview.chromium.org/2023653002,https://chromium.googlesource.com/chromium/src/+/70bc55033e16ed4696ccbaf7e091d426d538bd08,Sun May 29 18:49:57 2016,https://chromium.googlesource.com/chromium/src/+/Commit(Repo('https://chromium.googlesource.com/chromium/src'), '04269068016b6ee7ac16c1d93c118668ac3a8936'),Sat May 28 20:58:43 2016
https://codereview.chromium.org/1995243002,https://chromium.googlesource.com/chromium/src/+/593d78aa7f3dd422ae42723c2dc039b7059704da,Tue May 24 13:45:47 2016,https://chromium.googlesource.com/chromium/src/+/Commit(Repo('https://chromium.googlesource.com/chromium/src'), '4265d7151753f4e3a7a4cbe688b423c376dd9503'),Tue May 24 11:44:28 2016
https://codereview.chromium.org/1984353002,https://chromium.googlesource.com/chromium/src/+/5f39d8e602fe8f65a1ff586c26c18e484f9999cd,Wed May 18 21:29:13 2016,https://chromium.googlesource.com/chromium/src/+/Commit(Repo('https://chromium.googlesource.com/chromium/src'), '9852b77afa1a1b3875a73a091e94f88865c4e78e'),Wed May 18 17:30:48 2016
https://codereview.chromium.org/1982903003,https://chromium.googlesource.com/chromium/src/+/a75276aec117236bf41f292b5cc61f27ae087ee1,Tue May 17 16:02:17 2016,https://chromium.googlesource.com/chromium/src/+/Commit(Repo('https://chromium.googlesource.com/chromium/src'), 'd2be70c79b5bf908d47189af6f078e12e591b9d0'),Tue May 17 15:42:40 2016
https://codereview.chromium.org/1951453002,https://chromium.googlesource.com/chromium/src/+/b39e39eeb679c3bf45a444e9e6d0c5e364a8cd17,Mon May  9 21:31:11 2016,https://chromium.googlesource.com/chromium/src/+/Commit(Repo('https://chromium.googlesource.com/chromium/src'), 'a0813e0c0286ee6790433164957141e9f299bff7'),Mon May  9 19:31:03 2016
https://codereview.chromium.org/1950133009,https://chromium.googlesource.com/chromium/src/+/7a69caa094b972461ad889e1684697b7c171677d,Sat May  7 23:35:26 2016,https://chromium.googlesource.com/chromium/src/+/Commit(Repo('https://chromium.googlesource.com/chromium/src'), 'aeb778c817766d5c3b17097556218b0bafdbd1d4'),Sat May  7 00:10:42 2016
https://codereview.chromium.org/1946013002,https://chromium.googlesource.com/chromium/src/+/d602774dbdcabb71f321f6d8a860fad39030fbad,Wed May  4 22:30:49 2016,https://chromium.googlesource.com/chromium/src/+/Commit(Repo('https://chromium.googlesource.com/chromium/src'), '53807497e2c9f8c1e87fb31a0a3b699b33b73a67'),Wed May  4 19:26:04 2016
https://codereview.chromium.org/1882373004,https://chromium.googlesource.com/chromium/src/+/9204aefa88c2a7af21e288dd3f1a5b8db468002a,Mon May  2 12:12:29 2016,https://chromium.googlesource.com/chromium/src/+/Commit(Repo('https://chromium.googlesource.com/chromium/src'), '0f54920173bda1d13e9c89c51a1995a8542c5648'),Mon May  2 09:50:21 2016
https://codereview.chromium.org/1882373004,https://chromium.googlesource.com/chromium/src/+/9204aefa88c2a7af21e288dd3f1a5b8db468002a,Mon May  2 12:12:29 2016,https://chromium.googlesource.com/chromium/src/+/Commit(Repo('https://chromium.googlesource.com/chromium/src'), '6e70beb84fe0d0a3d27e4369c8b6aaae001afb81'),Mon May  2 07:42:15 2016