url,new_commit,new_commit_time,old_commit,old_commit_time,author
https://codereview.chromium.org/2487713002,https://chromium.googlesource.com/chromium/src/+/8f60271614652b6110081128604470460af5dadb,Fri Nov 11 00:09:33 2016,https://chromium.googlesource.com/chromium/src/+/273cccbc60b358d06c332f64a8b3cc9f5ee42dd6,Fri Nov 11 00:09:30 2016,jinsukkim@chromium.org
https://codereview.chromium.org/2485013002,https://chromium.googlesource.com/chromium/src/+/93ed99a0238f25fe391874d3f6dfa02c01acb781,Tue Nov  8 15:35:54 2016,https://chromium.googlesource.com/chromium/src/+/b2fd274ec5b20ace720420106a13b8c90b61bed1,Tue Nov  8 15:35:53 2016,estade@chromium.org
https://codereview.chromium.org/2468333002,https://chromium.googlesource.com/chromium/src/+/67b831b414b1a10a87d36ae79d6283e4c4f60ac8,Thu Nov  3 19:38:34 2016,https://chromium.googlesource.com/chromium/src/+/8097dff55c84516414ce944ee6bc5435807f4fbc,Thu Nov  3 19:33:09 2016,scottmg@chromium.org
https://codereview.chromium.org/2272773002,https://chromium.googlesource.com/chromium/src/+/3c364c812da0312a104e976ca5838507efe3488e,Tue Nov  1 19:00:00 2016,https://chromium.googlesource.com/chromium/src/+/5d3d4c00320aadad4a044dcb0241b86fc184b114,Tue Nov  1 13:06:22 2016,skyostil@chromium.org
https://codereview.chromium.org/2406233004,https://chromium.googlesource.com/chromium/src/+/307e66d18de17bfc7168adefd2306aa4be96f17e,Tue Oct 11 23:06:17 2016,https://chromium.googlesource.com/chromium/src/+/8bded616cb189101cd5d70e2a94a1ae39e10f3da,Tue Oct 11 23:03:29 2016,alph@chromium.org
https://codereview.chromium.org/2384053002,https://chromium.googlesource.com/chromium/src/+/3ba6cb3d9518e9a54f006fd6288438c211ba8998,Tue Oct 11 22:35:40 2016,https://chromium.googlesource.com/chromium/src/+/351b1d8638edcf2ce37f6d89b0908313780e7dd6,Tue Oct 11 22:33:21 2016,chaopeng@chromium.org
https://codereview.chromium.org/2325583002,https://chromium.googlesource.com/chromium/src/+/0f82e43808017ab95d877be86eb63fe1e4057e97,Thu Sep  8 10:36:25 2016,https://chromium.googlesource.com/chromium/src/+/d7586a77bd18573597cc48bbd2e0e6fb0fbc0fb9,Thu Sep  8 10:33:44 2016,peria@chromium.org
https://codereview.chromium.org/2307933003,https://chromium.googlesource.com/chromium/src/+/df9cb098cf816fb589e0ad6627012b524c78e9eb,Sat Sep  3 02:08:00 2016,https://chromium.googlesource.com/chromium/src/+/b429bfb95e3cf4a3947b660ee0f44d07833722d5,Sat Sep  3 02:04:30 2016,zhongyi@chromium.org
https://codereview.chromium.org/2231203002,https://chromium.googlesource.com/chromium/src/+/67d17aee41b895d81c6e6e7d7ff33690bee9f74e,Mon Aug 15 20:37:18 2016,https://chromium.googlesource.com/chromium/src/+/ce37c93fb3538e1ebe6b84fcf370871c50401ebe,Mon Aug 15 20:34:20 2016,tommycli@chromium.org
https://codereview.chromium.org/2240263002,https://chromium.googlesource.com/chromium/src/+/35a583985d859d19cd2de1efb7a5b8bb06bcda77,Fri Aug 12 23:29:49 2016,https://chromium.googlesource.com/chromium/src/+/ca8c5868dbd7ea6734cb80938618ab6870d96ba3,Fri Aug 12 21:43:48 2016,dfalcantara@chromium.org
https://codereview.chromium.org/2120703003,https://chromium.googlesource.com/chromium/src/+/d073dd2ac386ae7893f03cd7659abb66f045e5fa,Thu Aug  4 04:02:08 2016,https://chromium.googlesource.com/chromium/src/+/4a42548bd101adfc284fa6e8da6493a2d89f768a,Wed Aug  3 23:32:36 2016,rtenneti@chromium.org
https://codereview.chromium.org/2191323003,https://chromium.googlesource.com/chromium/src/+/787f6ed6c2cf4a21e07841564fd6a573c777d3ef,Wed Aug  3 03:03:37 2016,https://chromium.googlesource.com/chromium/src/+/b1738e3b37e348afbc674e3041407f817a4f8575,Tue Aug  2 23:55:36 2016,donnd@chromium.org
https://codereview.chromium.org/2140533003,https://chromium.googlesource.com/chromium/src/+/bfec2ff09dfb320ca7786402a804571a4baae37b,Wed Jul 13 03:51:07 2016,https://chromium.googlesource.com/chromium/src/+/d3814a729f29e99cbdcbd470d2520cacb5ec4e53,Tue Jul 12 23:47:33 2016,pfeldman@chromium.org
https://codereview.chromium.org/2060753002,https://chromium.googlesource.com/chromium/src/+/4f581ae17af347201ede92b01dc47068ee0cf2d5,Wed Jun 15 10:38:04 2016,https://chromium.googlesource.com/chromium/src/+/0dee3ec4784b2fb73d3aefaab1e00e92767ac767,Wed Jun 15 10:35:20 2016,kojii@chromium.org
https://codereview.chromium.org/2026993004,https://chromium.googlesource.com/chromium/src/+/b0206d8c4aa1f5a659169111a722d183fc2e7739,Thu Jun  2 17:10:30 2016,https://chromium.googlesource.com/chromium/src/+/19895c52589f189d6fdc563759c9872af2cbf86c,Thu Jun  2 10:01:28 2016,sigbjornf@opera.com
https://codereview.chromium.org/2023653002,https://chromium.googlesource.com/chromium/src/+/70bc55033e16ed4696ccbaf7e091d426d538bd08,Sun May 29 18:49:57 2016,https://chromium.googlesource.com/chromium/src/+/04269068016b6ee7ac16c1d93c118668ac3a8936,Sat May 28 20:58:43 2016,sebmarchand@chromium.org
https://codereview.chromium.org/1995243002,https://chromium.googlesource.com/chromium/src/+/593d78aa7f3dd422ae42723c2dc039b7059704da,Tue May 24 13:45:47 2016,https://chromium.googlesource.com/chromium/src/+/4265d7151753f4e3a7a4cbe688b423c376dd9503,Tue May 24 11:44:28 2016,hashimoto@chromium.org
https://codereview.chromium.org/1984353002,https://chromium.googlesource.com/chromium/src/+/5f39d8e602fe8f65a1ff586c26c18e484f9999cd,Wed May 18 21:29:13 2016,https://chromium.googlesource.com/chromium/src/+/9852b77afa1a1b3875a73a091e94f88865c4e78e,Wed May 18 17:30:48 2016,sdefresne@chromium.org
https://codereview.chromium.org/1982903003,https://chromium.googlesource.com/chromium/src/+/a75276aec117236bf41f292b5cc61f27ae087ee1,Tue May 17 16:02:17 2016,https://chromium.googlesource.com/chromium/src/+/d2be70c79b5bf908d47189af6f078e12e591b9d0,Tue May 17 15:42:40 2016,finnur@chromium.org
https://codereview.chromium.org/1951453002,https://chromium.googlesource.com/chromium/src/+/b39e39eeb679c3bf45a444e9e6d0c5e364a8cd17,Mon May  9 21:31:11 2016,https://chromium.googlesource.com/chromium/src/+/a0813e0c0286ee6790433164957141e9f299bff7,Mon May  9 19:31:03 2016,gab@chromium.org
https://codereview.chromium.org/1950133009,https://chromium.googlesource.com/chromium/src/+/7a69caa094b972461ad889e1684697b7c171677d,Sat May  7 23:35:26 2016,https://chromium.googlesource.com/chromium/src/+/aeb778c817766d5c3b17097556218b0bafdbd1d4,Sat May  7 00:10:42 2016,pfeldman@chromium.org
https://codereview.chromium.org/1946013002,https://chromium.googlesource.com/chromium/src/+/d602774dbdcabb71f321f6d8a860fad39030fbad,Wed May  4 22:30:49 2016,https://chromium.googlesource.com/chromium/src/+/53807497e2c9f8c1e87fb31a0a3b699b33b73a67,Wed May  4 19:26:04 2016,thomasanderson@google.com
https://codereview.chromium.org/1882373004,https://chromium.googlesource.com/chromium/src/+/9204aefa88c2a7af21e288dd3f1a5b8db468002a,Mon May  2 12:12:29 2016,https://chromium.googlesource.com/chromium/src/+/0f54920173bda1d13e9c89c51a1995a8542c5648,Mon May  2 09:50:21 2016,markdittmer@chromium.org
https://codereview.chromium.org/1882373004,https://chromium.googlesource.com/chromium/src/+/9204aefa88c2a7af21e288dd3f1a5b8db468002a,Mon May  2 12:12:29 2016,https://chromium.googlesource.com/chromium/src/+/6e70beb84fe0d0a3d27e4369c8b6aaae001afb81,Mon May  2 07:42:15 2016,markdittmer@chromium.org
https://codereview.chromium.org/1929493002,https://chromium.googlesource.com/chromium/src/+/187a2805642014aead68645a21dd3ac2c3c5cecb,Wed Apr 27 22:14:35 2016,https://chromium.googlesource.com/chromium/src/+/e10d108bc9cabf82607b909f35fc541c313e2366,Wed Apr 27 16:47:59 2016,sigbjornf@opera.com
https://codereview.chromium.org/1858883004,https://chromium.googlesource.com/chromium/src/+/98a2ebb14d32b05cf091b6498a720c4dc84038ec,Wed Apr 27 01:52:33 2016,https://chromium.googlesource.com/chromium/src/+/7e3c4177dd1de27b69109d45ce7f87f0524bc70f,Wed Apr 27 00:01:47 2016,scottmg@chromium.org
https://codereview.chromium.org/1862053002,https://chromium.googlesource.com/chromium/src/+/555dfdfcd56ae8ef91637e4b0827970be7609059,Wed Apr 27 03:33:47 2016,https://chromium.googlesource.com/chromium/src/+/3a4a913c1de915ef228a35b4f85603662719c49f,Tue Apr 26 22:12:41 2016,radu.velea@intel.com
https://codereview.chromium.org/1794353003,https://chromium.googlesource.com/chromium/src/+/498e924981ba4e85ea6c5bc5bcedeea655090743,Sat Apr 23 13:06:01 2016,https://chromium.googlesource.com/chromium/src/+/143d02516f5a4459076f21bd9557a18638e657de,Sat Apr 23 00:49:51 2016,lwchkg@gmail.com
https://codereview.chromium.org/1911043002,https://chromium.googlesource.com/chromium/src/+/b25f854150972b9961bee37cc76103ec911aed0a,Fri Apr 22 21:15:44 2016,https://chromium.googlesource.com/chromium/src/+/042d472b86f89f25e222db9f466d39ed0216df92,Fri Apr 22 17:52:50 2016,fsamuel@chromium.org
https://codereview.chromium.org/1906473003,https://chromium.googlesource.com/chromium/src/+/02dca8343c65f4ddd856bf3ed5f78fd0608a1399,Fri Apr 22 00:30:23 2016,https://chromium.googlesource.com/chromium/src/+/7fb2453aa3f107261356b32d23677c480cd1007b,Thu Apr 21 21:13:31 2016,rockot@chromium.org
https://codereview.chromium.org/1902463002,https://chromium.googlesource.com/chromium/src/+/ec03489356fa45add604aaca28f277a0c9f83dee,Thu Apr 21 04:46:37 2016,https://chromium.googlesource.com/chromium/src/+/ea767b706b88fbeb77655c2193d593dfef54660a,Thu Apr 21 02:40:32 2016,fsamuel@chromium.org
https://codereview.chromium.org/1245163002,https://chromium.googlesource.com/chromium/src/+/53f6b258355ce36752ea7a8dcf8953560b5be818,Tue Apr 19 19:28:26 2016,https://chromium.googlesource.com/chromium/src/+/8756e4f20df53bbb7fbb49b2ca19fda93a95bdb4,Tue Apr 19 14:04:53 2016,mlamouri@chromium.org
https://codereview.chromium.org/1887703002,https://chromium.googlesource.com/chromium/src/+/f354ca2b2497a54b41591a7856fa0dde445d7beb,Mon Apr 18 20:18:07 2016,https://chromium.googlesource.com/chromium/src/+/0e1785c782ce5d569d21beb8770e7a204a2729a2,Mon Apr 18 17:11:08 2016,sunxd@chromium.org
https://codereview.chromium.org/1873073002,https://chromium.googlesource.com/chromium/src/+/8dd3c54659c4e99b4ba31254fed0094defd4ffd1,Sun Apr 17 11:04:23 2016,https://chromium.googlesource.com/chromium/src/+/388989c6665e2e46749eead442ffc942562d6e7b,Sun Apr 17 11:02:32 2016,wychen@chromium.org
https://codereview.chromium.org/1898433002,https://chromium.googlesource.com/chromium/src/+/d152ac52434d55bdb39348375df3a87913837888,Sun Apr 17 22:55:01 2016,https://chromium.googlesource.com/chromium/src/+/1de6dacd4e9c59274f2c061accfe3770f696c09b,Sat Apr 16 04:45:20 2016,rockot@chromium.org
https://codereview.chromium.org/1894743002,https://chromium.googlesource.com/chromium/src/+/7f767e658961d89959af3bd143e7719fcaca8445,Sun Apr 17 01:22:40 2016,https://chromium.googlesource.com/chromium/src/+/42edb859e1917c96b988fa2f4e204de63aeb18ae,Sat Apr 16 03:49:15 2016,danakj@chromium.org
https://codereview.chromium.org/1845543002,https://chromium.googlesource.com/chromium/src/+/011b8046a07ac2cedde530a05f81e8fb41f80c62,Thu Apr 14 16:22:45 2016,https://chromium.googlesource.com/chromium/src/+/191c640cc25f76c0c0f8a0b448de33cd059f4a8e,Thu Apr 14 06:05:22 2016,keishi@chromium.org
https://codereview.chromium.org/1850413002,https://chromium.googlesource.com/chromium/src/+/6b2e026b1c11833d558c8fd5c9d427f04ec3757b,Mon Apr  4 16:45:55 2016,https://chromium.googlesource.com/chromium/src/+/18dc8ecff5ba68d28fc536f723ae3c57eafa1b4e,Mon Apr  4 14:23:17 2016,sigbjornf@opera.com
https://codereview.chromium.org/1813143002,https://chromium.googlesource.com/chromium/src/+/3e01508221503be4aa344a9e2d6e9e4596fe1a62,Wed Mar 23 00:40:17 2016,https://chromium.googlesource.com/chromium/src/+/f8396023a9e38d3ec249cdf1f730e4b79cebbc7e,Tue Mar 22 20:39:22 2016,piman@chromium.org
https://codereview.chromium.org/1798253002,https://chromium.googlesource.com/chromium/src/+/fde6c7118d13dbe3e219de55838b514187fffea9,Tue Mar 15 20:33:51 2016,https://chromium.googlesource.com/chromium/src/+/10cb02165d6d68a66007a3522f23a89fcb8a69d5,Tue Mar 15 14:09:58 2016,sigbjornf@opera.com
https://codereview.chromium.org/1744693002,https://chromium.googlesource.com/chromium/src/+/2608f9bb792efa1a90730000038d518cd5bca400,Mon Mar 14 14:41:07 2016,https://chromium.googlesource.com/chromium/src/+/0527bf95252b833b591be2f8e116cffd004ff189,Mon Mar 14 03:28:10 2016,xunjieli@chromium.org
https://codereview.chromium.org/1784193003,https://chromium.googlesource.com/chromium/src/+/34fb6bacfdd34c536f75504073ce1211898f413b,Mon Mar 14 17:42:58 2016,https://chromium.googlesource.com/chromium/src/+/9288ad04012900a9656959f441f4519f4239dccb,Sun Mar 13 22:51:50 2016,penghuang@chromium.org
https://codereview.chromium.org/1778023002,https://chromium.googlesource.com/chromium/src/+/396d93351822bf9c6bb4ad909919d46f98ceaaa8,Sat Mar 12 02:59:54 2016,https://chromium.googlesource.com/chromium/src/+/279bf7c76a3e0bfbbd28748d0d02fcead88f4436,Sat Mar 12 00:18:57 2016,sergeyu@chromium.org
https://codereview.chromium.org/1490613005,https://chromium.googlesource.com/chromium/src/+/8d5275f7bbb6f79c83829a7931f1500128ef3f8f,Sat Mar 12 01:05:22 2016,https://chromium.googlesource.com/chromium/src/+/c9d2206c62f65e29b141e08df2b2dcb88f54162f,Fri Mar 11 20:56:32 2016,dougsteed@chromium.org
https://codereview.chromium.org/1774323002,https://chromium.googlesource.com/chromium/src/+/6a2dcc610860524680bf95af50ad7367367b705f,Fri Mar 11 23:08:59 2016,https://chromium.googlesource.com/chromium/src/+/fe63b6b42585c51c7ab9a3b158b20d08d5b552dd,Fri Mar 11 18:53:01 2016,dgozman@chromium.org
https://codereview.chromium.org/1785743002,https://chromium.googlesource.com/chromium/src/+/219b5d8e583f43803795cbe85cd9bf2456e1b9e0,Fri Mar 11 17:18:07 2016,https://chromium.googlesource.com/chromium/src/+/ecae0ae5f672a04579ab563462531889f6c0fab9,Fri Mar 11 08:56:31 2016,ben@chromium.org
https://codereview.chromium.org/1781913003,https://chromium.googlesource.com/chromium/src/+/071019d49fecf779429d88557f9368cf1e2d1f2f,Fri Mar 11 17:09:15 2016,https://chromium.googlesource.com/chromium/src/+/191b85068b4db3a79ff4853edef91857e98c68ea,Fri Mar 11 07:16:22 2016,ben@chromium.org
https://codereview.chromium.org/1768903002,https://chromium.googlesource.com/chromium/src/+/57ed9f9841b3142d253585b4d761fe0dc68876da,Thu Mar 10 07:29:52 2016,https://chromium.googlesource.com/chromium/src/+/013cfed7ecf91b0700bec7147631d4fbedb6b64e,Thu Mar 10 02:43:27 2016,sammc@chromium.org
https://codereview.chromium.org/1759783003,https://chromium.googlesource.com/chromium/src/+/e5d711ec0a8b327dea474d5c83dec0ae5f2c545e,Mon Mar  7 03:37:57 2016,https://chromium.googlesource.com/chromium/src/+/2cdb2f677c68f06b3bc54cd40f000ab961a09bbb,Sat Mar  5 07:06:20 2016,rockot@chromium.org
https://codereview.chromium.org/1759783003,https://chromium.googlesource.com/chromium/src/+/2cdb2f677c68f06b3bc54cd40f000ab961a09bbb,Sat Mar  5 07:06:20 2016,https://chromium.googlesource.com/chromium/src/+/d06373e7cd8b4ad725ed5c64c958f2de13585add,Sat Mar  5 01:01:22 2016,rockot@chromium.org
https://codereview.chromium.org/1721333002,https://chromium.googlesource.com/chromium/src/+/d7c89d879b56ebad4e04d2bbc0452d35c1fa1f25,Fri Mar  4 14:59:20 2016,https://chromium.googlesource.com/chromium/src/+/abd5af497f0a6f38c57f071a187b9484a0e3f306,Fri Mar  4 10:23:48 2016,hajimehoshi@chromium.org
https://codereview.chromium.org/1719363002,https://chromium.googlesource.com/chromium/src/+/ce1315b94863f40d6323fa488490ed866aae4ed4,Thu Mar  3 05:48:05 2016,https://chromium.googlesource.com/chromium/src/+/fdc36c10667c4f6d5f4d9f391733774ae24666ce,Thu Mar  3 01:04:25 2016,bcwhite@chromium.org
https://codereview.chromium.org/1746503002,https://chromium.googlesource.com/chromium/src/+/3b893b5d0e87958af8ebdbefbaaa932088e26fee,Tue Mar  1 05:07:28 2016,https://chromium.googlesource.com/chromium/src/+/477aebd4f13056c90a257b78c1f572d910c85f19,Tue Mar  1 00:19:08 2016,danakj@chromium.org
https://codereview.chromium.org/1714153002,https://chromium.googlesource.com/chromium/src/+/c5a5aaba0445bf16820fdf0a5e0093f98e06dd23,Sun Feb 28 03:12:13 2016,https://chromium.googlesource.com/chromium/src/+/bf29b13a060e17f0e1cf96886ab1c798f7d54cc8,Sat Feb 27 06:22:06 2016,jbroman@chromium.org
https://codereview.chromium.org/1698953002,https://chromium.googlesource.com/chromium/src/+/add65008c043f528d34f1a257bfcf0b4fd841c4d,Mon Feb 22 04:05:00 2016,https://chromium.googlesource.com/chromium/src/+/dcf1f95cbaf64335f686de5a7e13dcb9c63736a4,Mon Feb 22 04:04:59 2016,dominickn@chromium.org
https://codereview.chromium.org/1691213003,https://chromium.googlesource.com/chromium/src/+/b03560f2f020c4460a2e1b604b563aa852715237,Sun Feb 14 19:10:02 2016,https://chromium.googlesource.com/chromium/src/+/05920064c20850c07254be9200a693c57bcb8ce6,Sat Feb 13 02:40:56 2016,sky@chromium.org
https://codereview.chromium.org/1676713002,https://chromium.googlesource.com/chromium/src/+/ffeadfa8cecbb85276bf7bf25d428107c6230437,Wed Feb 10 02:00:37 2016,https://chromium.googlesource.com/chromium/src/+/dfd7833ae942a8339853ed02907bb31e0806badc,Tue Feb  9 22:20:28 2016,sadrul@chromium.org
https://codereview.chromium.org/1649813003,https://chromium.googlesource.com/chromium/src/+/ef7efce719798fcfaec4c72f21702a89e64ac295,Tue Feb  2 00:30:30 2016,https://chromium.googlesource.com/chromium/src/+/0808979ecf83a8ad64d77f94c1b9f409c0d62b30,Mon Feb  1 20:30:51 2016,skobes@chromium.org
https://codereview.chromium.org/1574063003,https://chromium.googlesource.com/chromium/src/+/94ef8fb7c4744b37b34f3d04045f65ab888afdc7,Mon Feb  1 05:56:33 2016,https://chromium.googlesource.com/chromium/src/+/bd322a00b660027df64b4e7cb2452e1daeeb334a,Mon Feb  1 04:04:42 2016,yingran@google.com
https://codereview.chromium.org/1534583002,https://chromium.googlesource.com/chromium/src/+/b90328470b5d381d539e012f65fca9eb464ba658,Sat Jan 30 20:51:39 2016,https://chromium.googlesource.com/chromium/src/+/aed54d71aad92c60a684f21e30e90bd2f4d9cc7f,Sat Jan 30 15:25:18 2016,martijn@martijnc.be
https://codereview.chromium.org/1618973002,https://chromium.googlesource.com/chromium/src/+/09bb92eb700b228eb17a176504b4486769aafe55,Tue Jan 26 23:45:15 2016,https://chromium.googlesource.com/chromium/src/+/5db5d9e5815c64ba4bc93fda27115c542df35316,Tue Jan 26 21:07:03 2016,hartmanng@chromium.org
https://codereview.chromium.org/1583803003,https://chromium.googlesource.com/chromium/src/+/f795671d8c34bc15ae30a005d38d0a4f5b9fae11,Fri Jan 15 11:07:42 2016,https://chromium.googlesource.com/chromium/src/+/fdc5a2028505ca2b615f9045bff9c96d80e11906,Fri Jan 15 08:19:37 2016,sdefresne@chromium.org
https://codereview.chromium.org/1575323002,https://chromium.googlesource.com/chromium/src/+/4d625ae5fa2b9edd9f3c0fa5f1e3da3bb401c9aa,Tue Jan 12 09:36:18 2016,https://chromium.googlesource.com/chromium/src/+/2cf2fab949e741b56be51d1197b064083ec45441,Tue Jan 12 08:53:51 2016,sigbjornf@opera.com
https://codereview.chromium.org/1532473002,https://chromium.googlesource.com/chromium/src/+/f3717a3a3a25aa5ddd9dfd4234f09ff13f001575,Mon Jan 11 22:57:30 2016,https://chromium.googlesource.com/chromium/src/+/10b9b4435e25fb8ede2122482426ae81c7980630,Mon Jan 11 17:02:09 2016,xidachen@chromium.org
https://codereview.chromium.org/1566423002,https://chromium.googlesource.com/chromium/src/+/25b2a54f62c44915daf16184699640f4ef467a70,Fri Jan  8 17:22:43 2016,https://chromium.googlesource.com/chromium/src/+/08494b981bbe6e9925ffd6663e65b6151bdd9425,Fri Jan  8 15:45:25 2016,sigbjornf@opera.com
https://codereview.chromium.org/1563943002,https://chromium.googlesource.com/chromium/src/+/83f532633839d40a54e2ce06d0a69b3ace48db5d,Fri Jan  8 04:34:43 2016,https://chromium.googlesource.com/chromium/src/+/496e0c47e96c68b0fb47944dc8e2a791aeb10060,Fri Jan  8 02:30:36 2016,vitalybuka@chromium.org
https://codereview.chromium.org/1537343002,https://chromium.googlesource.com/chromium/src/+/843010ff7eeda6e9e87347aaaa6365efecd1161d,Wed Jan  6 10:35:12 2016,https://chromium.googlesource.com/chromium/src/+/5de01d904d77ba5e5beaf4776e45e6eecd47a87b,Wed Jan  6 06:23:50 2016,yhirano@chromium.org
https://codereview.chromium.org/1549393002,https://chromium.googlesource.com/chromium/src/+/d5ccdf12f8f65b6dcaad74acc86aa76e2ed015d5,Wed Dec 30 03:06:38 2015,https://chromium.googlesource.com/chromium/src/+/23cf53ece33a651b28a1d87e57f02a14f22d3c3d,Tue Dec 29 06:08:30 2015,yunchao.he@intel.com
https://codereview.chromium.org/1547533002,https://chromium.googlesource.com/chromium/src/+/d433493df4b98ea006e6407590cff7a7912e16df,Thu Dec 24 01:28:37 2015,https://chromium.googlesource.com/chromium/src/+/7acd392e4018d121977e2738b6e3c59f5cf418f1,Wed Dec 23 20:42:30 2015,tfarina@chromium.org
https://codereview.chromium.org/1524793003,https://chromium.googlesource.com/chromium/src/+/e84492e5b0b3c605f00f8e9dc4d421b962b65088,Tue Dec 15 18:48:44 2015,https://chromium.googlesource.com/chromium/src/+/e92095d4fc34da0c6903573990deb7064b5f9b4d,Tue Dec 15 13:09:59 2015,rch@chromium.org
https://codereview.chromium.org/1513783005,https://chromium.googlesource.com/chromium/src/+/ebf7a6b19a7a468195a5606fbd2bbd6d07a26ea2,Tue Dec 15 07:21:16 2015,https://chromium.googlesource.com/chromium/src/+/622edffe2ccdaa487dab085a4689a9a11f33790c,Tue Dec 15 07:20:01 2015,dmurph@chromium.org
https://codereview.chromium.org/1512353003,https://chromium.googlesource.com/chromium/src/+/20fcdadd95126d0bd0f87047effce3d4b0fb9c66,Sat Dec 12 00:12:12 2015,https://chromium.googlesource.com/chromium/src/+/c12347847f52a0338339b2b9cbf77ae15cc86943,Fri Dec 11 21:24:25 2015,wangxianzhu@chromium.org
https://codereview.chromium.org/1492963003,https://chromium.googlesource.com/chromium/src/+/33c52dde3a9c355c6b21fc7725e200cda19c29a5,Tue Dec  8 02:56:52 2015,https://chromium.googlesource.com/chromium/src/+/07a19a2bc8560ce5e99cd27a9830089683153046,Mon Dec  7 23:58:40 2015,sadrul@chromium.org
https://codereview.chromium.org/1463683002,https://chromium.googlesource.com/chromium/src/+/36d01b428979aafa764c28eccc4d73a5e30f112f,Sun Dec  6 05:28:34 2015,https://chromium.googlesource.com/chromium/src/+/5e58730d6fe40ef7cead75954ef5b1c05dea6d4b,Sat Dec  5 22:42:02 2015,jschuh@chromium.org
https://codereview.chromium.org/1487913003,https://chromium.googlesource.com/chromium/src/+/36727b887d707eba06dfd1d8b2a493c37fb53e27,Thu Dec  3 01:43:50 2015,https://chromium.googlesource.com/chromium/src/+/f068d2f37dc52a40b1578b0b11b77ee914b98208,Wed Dec  2 20:02:25 2015,zhongyi@chromium.org
https://codereview.chromium.org/1475803002,https://chromium.googlesource.com/chromium/src/+/6516805e8c69ac65bcb7d52a2a208be97a7d2a50,Tue Dec  1 20:35:33 2015,https://chromium.googlesource.com/chromium/src/+/0d94fda8c494d7a6c27d065d782f42e99d834f46,Tue Dec  1 17:36:49 2015,avi@chromium.org
https://codereview.chromium.org/1441073006,https://chromium.googlesource.com/chromium/src/+/de233a29aa0ef1b89d35a9045a864c9ad6fa12fe,Fri Nov 27 12:43:40 2015,https://chromium.googlesource.com/chromium/src/+/ec5adec0a9879a31866e98c65ddc7b506b9f49c3,Fri Nov 27 11:09:37 2015,alexclarke@chromium.org
https://codereview.chromium.org/1473223006,https://chromium.googlesource.com/chromium/src/+/42f3b18fc539d578aff19a25792aaf19744f17d9,Thu Nov 26 22:17:26 2015,https://chromium.googlesource.com/chromium/src/+/84285963d7855761fbf6e87df2f18136632e8dfc,Thu Nov 26 18:43:34 2015,penghuang@chromium.org
https://codereview.chromium.org/1436233005,https://chromium.googlesource.com/chromium/src/+/1466f35095cd127a182d8acc4c3ca870b6cc735b,Wed Nov 18 04:54:01 2015,https://chromium.googlesource.com/chromium/src/+/30b6df3a71911803dd6dc6e9764c353dfd2bc039,Wed Nov 18 01:12:17 2015,lushnikov@chromium.org
https://codereview.chromium.org/1435223002,https://chromium.googlesource.com/chromium/src/+/df022c0a2cdcfb98b5acadd982ade450d86b6864,Tue Nov 17 10:21:27 2015,https://chromium.googlesource.com/chromium/src/+/f3fec1337a6ae3433a378e2742d3d6e968970257,Tue Nov 17 06:22:26 2015,dominicc@chromium.org
https://codereview.chromium.org/1434083002,https://chromium.googlesource.com/chromium/src/+/46f02746c8d437f4c3924e86e1a7cc8a2196546e,Fri Nov 13 17:29:08 2015,https://chromium.googlesource.com/chromium/src/+/0cfab1b202d03d68fc1a8a99bb19b41c8d709a15,Fri Nov 13 06:50:55 2015,ben@chromium.org
https://codereview.chromium.org/1429193002,https://chromium.googlesource.com/chromium/src/+/e27f959360c555ec9171bcee3553478540fef94e,Thu Nov 12 23:30:53 2015,https://chromium.googlesource.com/chromium/src/+/3f89b699c0672552f6471e6d085c81500b40d4af,Thu Nov 12 21:24:04 2015,kmarshall@chromium.org
https://codereview.chromium.org/1424933017,https://chromium.googlesource.com/chromium/src/+/91db872fb3bbabde39750e5eb79b52e2ce539e75,Wed Nov 11 18:58:38 2015,https://chromium.googlesource.com/chromium/src/+/afa40172de656dbb8085519fc7a7a9c7a5111b97,Wed Nov 11 05:15:50 2015,vitalybuka@chromium.org
https://codereview.chromium.org/1389293003,https://chromium.googlesource.com/chromium/src/+/7ee8a0a8577c594f185335874c0ceb24a5038973,Wed Nov 11 00:48:03 2015,https://chromium.googlesource.com/chromium/src/+/36f275146662f6067e34695a97e98bd146c47379,Tue Nov 10 19:48:57 2015,ianwen@chromium.org
https://codereview.chromium.org/1427433013,https://chromium.googlesource.com/chromium/src/+/d2f418af0964c90cd166dc335c399fccbb79f5f1,Tue Nov 10 17:48:55 2015,https://chromium.googlesource.com/chromium/src/+/8397db21b03f88392500fa1eb72b9e047adbbef8,Tue Nov 10 15:12:04 2015,bzanotti@chromium.org
https://codereview.chromium.org/1406403004,https://chromium.googlesource.com/chromium/src/+/e1487540269e53bd7f61667c42701ce555ba2723,Mon Nov  2 21:09:11 2015,https://chromium.googlesource.com/chromium/src/+/8627a07c4dcdd84246b419b2f9659be8dc5c4ffd,Mon Nov  2 17:06:48 2015,jam@chromium.org
https://codereview.chromium.org/1420273002,https://chromium.googlesource.com/chromium/src/+/0b6c1c8d449971599b6b9700defd96c74b60a9f8,Wed Oct 28 21:50:01 2015,https://chromium.googlesource.com/chromium/src/+/7a5351f4c6e407e456978f6599d475616a69fc0b,Wed Oct 28 19:26:05 2015,sergeyu@chromium.org
https://codereview.chromium.org/1409243011,https://chromium.googlesource.com/chromium/src/+/7a23dd77ae2fd895fac2b4dcd8a542f575b6d1ac,Tue Oct 27 14:48:56 2015,https://chromium.googlesource.com/chromium/src/+/526a3c557ee6b105ec04441221ee92ea6a447a72,Tue Oct 27 12:33:10 2015,sigbjornf@opera.com
https://codereview.chromium.org/1405633002,https://chromium.googlesource.com/chromium/src/+/15a48be892b15ac3acc0eb4b823abfbaf75dfa15,Thu Oct 22 01:38:38 2015,https://chromium.googlesource.com/chromium/src/+/31f086c2013853749cac45522eb950b9d0ab0302,Wed Oct 21 21:57:22 2015,mdempsky@chromium.org
https://codereview.chromium.org/1411593004,https://chromium.googlesource.com/chromium/src/+/fecea528dd9085f28a577add02a6c62e7c4685ce,Wed Oct 21 12:11:06 2015,https://chromium.googlesource.com/chromium/src/+/40b14cfa3f3458ae0d6f655886d952389aabc25c,Wed Oct 21 09:43:13 2015,blundell@chromium.org
https://codereview.chromium.org/1394303007,https://chromium.googlesource.com/chromium/src/+/863fd741f32361a9154a61482e29944befe767ca,Fri Oct 16 19:10:41 2015,https://chromium.googlesource.com/chromium/src/+/beebf8aac8acd93bd045d94a5835e12b4992176e,Fri Oct 16 14:26:04 2015,timvolodine@chromium.org
https://codereview.chromium.org/1364463003,https://chromium.googlesource.com/chromium/src/+/6cc1cee477943c76596a9462bd9ba7c2042001a0,Thu Oct  8 03:12:12 2015,https://chromium.googlesource.com/chromium/src/+/ce6219fba3471bb7b4d295127eb34e734d14f499,Wed Oct  7 21:12:44 2015,haibinlu@chromium.org
https://codereview.chromium.org/1373823002,https://chromium.googlesource.com/chromium/src/+/6e85b7c0e44676ea410f7a21391e2f8e29a30afe,Tue Sep 29 14:34:30 2015,https://chromium.googlesource.com/chromium/src/+/71f7da5a323ce64e8bc5b3ff2a62fc60e3c71bd0,Tue Sep 29 10:05:23 2015,blundell@chromium.org
https://codereview.chromium.org/1365733005,https://chromium.googlesource.com/chromium/src/+/c0a91fac22f1d3ff3f8d052eb5dbffa70ef9835f,Tue Sep 29 04:50:24 2015,https://chromium.googlesource.com/chromium/src/+/5a31c78de2d5a1829910ec09d86ec10ae16e5c4c,Tue Sep 29 01:07:11 2015,felt@chromium.org
